"","papers","ifact","years"
"1",1,1,28
"2",1,1.2,28
"3",1,1.4,28
"4",1,1.6,26
"5",1,1.8,26
"6",1,2,26
"7",1,2.2,26
"8",1,2.4,26
"9",1,2.6,26
"10",1,2.8,26
"11",1,3,26
"12",1,3.2,26
"13",1,3.4,26
"14",1,3.6,24
"15",1,3.8,24
"16",1,4,24
"17",1,4.2,24
"18",1,4.4,24
"19",1,4.6,24
"20",1,4.8,24
"21",1,5,24
"22",1,5.2,24
"23",1,5.4,24
"24",1,5.6,24
"25",1,5.8,24
"26",1,6,24
"27",1,6.2,24
"28",1,6.4,24
"29",1,6.6,24
"30",1,6.8,24
"31",1,7,24
"32",1,7.2,24
"33",1,7.4,24
"34",1,7.6,24
"35",1,7.8,24
"36",1,8,24
"37",1,8.2,24
"38",1,8.4,24
"39",1,8.6,24
"40",1,8.8,24
"41",1,9,24
"42",1,9.2,24
"43",1,9.4,24
"44",1,9.6,24
"45",1,9.8,24
"46",1,10,24
"47",1.2,1,25
"48",1.2,1.2,23.3333333333333
"49",1.2,1.4,23.3333333333333
"50",1.2,1.6,23.3333333333333
"51",1.2,1.8,23.3333333333333
"52",1.2,2,21.6666666666667
"53",1.2,2.2,21.6666666666667
"54",1.2,2.4,21.6666666666667
"55",1.2,2.6,21.6666666666667
"56",1.2,2.8,21.6666666666667
"57",1.2,3,21.6666666666667
"58",1.2,3.2,21.6666666666667
"59",1.2,3.4,21.6666666666667
"60",1.2,3.6,21.6666666666667
"61",1.2,3.8,21.6666666666667
"62",1.2,4,21.6666666666667
"63",1.2,4.2,21.6666666666667
"64",1.2,4.4,20
"65",1.2,4.6,20
"66",1.2,4.8,20
"67",1.2,5,20
"68",1.2,5.2,20
"69",1.2,5.4,20
"70",1.2,5.6,20
"71",1.2,5.8,20
"72",1.2,6,20
"73",1.2,6.2,20
"74",1.2,6.4,20
"75",1.2,6.6,20
"76",1.2,6.8,20
"77",1.2,7,20
"78",1.2,7.2,20
"79",1.2,7.4,20
"80",1.2,7.6,20
"81",1.2,7.8,20
"82",1.2,8,20
"83",1.2,8.2,20
"84",1.2,8.4,20
"85",1.2,8.6,20
"86",1.2,8.8,20
"87",1.2,9,20
"88",1.2,9.2,20
"89",1.2,9.4,20
"90",1.2,9.6,20
"91",1.2,9.8,20
"92",1.2,10,20
"93",1.4,1,21.4285714285714
"94",1.4,1.2,20
"95",1.4,1.4,20
"96",1.4,1.6,20
"97",1.4,1.8,20
"98",1.4,2,20
"99",1.4,2.2,18.5714285714286
"100",1.4,2.4,18.5714285714286
"101",1.4,2.6,18.5714285714286
"102",1.4,2.8,18.5714285714286
"103",1.4,3,18.5714285714286
"104",1.4,3.2,18.5714285714286
"105",1.4,3.4,18.5714285714286
"106",1.4,3.6,18.5714285714286
"107",1.4,3.8,18.5714285714286
"108",1.4,4,18.5714285714286
"109",1.4,4.2,18.5714285714286
"110",1.4,4.4,18.5714285714286
"111",1.4,4.6,18.5714285714286
"112",1.4,4.8,18.5714285714286
"113",1.4,5,17.1428571428571
"114",1.4,5.2,17.1428571428571
"115",1.4,5.4,17.1428571428571
"116",1.4,5.6,17.1428571428571
"117",1.4,5.8,17.1428571428571
"118",1.4,6,17.1428571428571
"119",1.4,6.2,17.1428571428571
"120",1.4,6.4,17.1428571428571
"121",1.4,6.6,17.1428571428571
"122",1.4,6.8,17.1428571428571
"123",1.4,7,17.1428571428571
"124",1.4,7.2,17.1428571428571
"125",1.4,7.4,17.1428571428571
"126",1.4,7.6,17.1428571428571
"127",1.4,7.8,17.1428571428571
"128",1.4,8,17.1428571428571
"129",1.4,8.2,17.1428571428571
"130",1.4,8.4,17.1428571428571
"131",1.4,8.6,17.1428571428571
"132",1.4,8.8,17.1428571428571
"133",1.4,9,17.1428571428571
"134",1.4,9.2,17.1428571428571
"135",1.4,9.4,17.1428571428571
"136",1.4,9.6,17.1428571428571
"137",1.4,9.8,17.1428571428571
"138",1.4,10,17.1428571428571
"139",1.6,1,18.75
"140",1.6,1.2,18.75
"141",1.6,1.4,17.5
"142",1.6,1.6,17.5
"143",1.6,1.8,17.5
"144",1.6,2,17.5
"145",1.6,2.2,17.5
"146",1.6,2.4,17.5
"147",1.6,2.6,16.25
"148",1.6,2.8,16.25
"149",1.6,3,16.25
"150",1.6,3.2,16.25
"151",1.6,3.4,16.25
"152",1.6,3.6,16.25
"153",1.6,3.8,16.25
"154",1.6,4,16.25
"155",1.6,4.2,16.25
"156",1.6,4.4,16.25
"157",1.6,4.6,16.25
"158",1.6,4.8,16.25
"159",1.6,5,16.25
"160",1.6,5.2,16.25
"161",1.6,5.4,16.25
"162",1.6,5.6,16.25
"163",1.6,5.8,15
"164",1.6,6,15
"165",1.6,6.2,15
"166",1.6,6.4,15
"167",1.6,6.6,15
"168",1.6,6.8,15
"169",1.6,7,15
"170",1.6,7.2,15
"171",1.6,7.4,15
"172",1.6,7.6,15
"173",1.6,7.8,15
"174",1.6,8,15
"175",1.6,8.2,15
"176",1.6,8.4,15
"177",1.6,8.6,15
"178",1.6,8.8,15
"179",1.6,9,15
"180",1.6,9.2,15
"181",1.6,9.4,15
"182",1.6,9.6,15
"183",1.6,9.8,15
"184",1.6,10,15
"185",1.8,1,16.6666666666667
"186",1.8,1.2,16.6666666666667
"187",1.8,1.4,16.6666666666667
"188",1.8,1.6,15.5555555555556
"189",1.8,1.8,15.5555555555556
"190",1.8,2,15.5555555555556
"191",1.8,2.2,15.5555555555556
"192",1.8,2.4,15.5555555555556
"193",1.8,2.6,15.5555555555556
"194",1.8,2.8,14.4444444444444
"195",1.8,3,14.4444444444444
"196",1.8,3.2,14.4444444444444
"197",1.8,3.4,14.4444444444444
"198",1.8,3.6,14.4444444444444
"199",1.8,3.8,14.4444444444444
"200",1.8,4,14.4444444444444
"201",1.8,4.2,14.4444444444444
"202",1.8,4.4,14.4444444444444
"203",1.8,4.6,14.4444444444444
"204",1.8,4.8,14.4444444444444
"205",1.8,5,14.4444444444444
"206",1.8,5.2,14.4444444444444
"207",1.8,5.4,14.4444444444444
"208",1.8,5.6,14.4444444444444
"209",1.8,5.8,14.4444444444444
"210",1.8,6,14.4444444444444
"211",1.8,6.2,14.4444444444444
"212",1.8,6.4,13.3333333333333
"213",1.8,6.6,13.3333333333333
"214",1.8,6.8,13.3333333333333
"215",1.8,7,13.3333333333333
"216",1.8,7.2,13.3333333333333
"217",1.8,7.4,13.3333333333333
"218",1.8,7.6,13.3333333333333
"219",1.8,7.8,13.3333333333333
"220",1.8,8,13.3333333333333
"221",1.8,8.2,13.3333333333333
"222",1.8,8.4,13.3333333333333
"223",1.8,8.6,13.3333333333333
"224",1.8,8.8,13.3333333333333
"225",1.8,9,13.3333333333333
"226",1.8,9.2,13.3333333333333
"227",1.8,9.4,13.3333333333333
"228",1.8,9.6,13.3333333333333
"229",1.8,9.8,13.3333333333333
"230",1.8,10,13.3333333333333
"231",2,1,13.5
"232",2,1.2,12
"233",2,1.4,12
"234",2,1.6,12
"235",2,1.8,12
"236",2,2,12
"237",2,2.2,12
"238",2,2.4,12
"239",2,2.6,12
"240",2,2.8,12
"241",2,3,12
"242",2,3.2,12
"243",2,3.4,10.5
"244",2,3.6,10.5
"245",2,3.8,10.5
"246",2,4,10.5
"247",2,4.2,10.5
"248",2,4.4,10.5
"249",2,4.6,10.5
"250",2,4.8,10.5
"251",2,5,10.5
"252",2,5.2,10.5
"253",2,5.4,10.5
"254",2,5.6,10.5
"255",2,5.8,10.5
"256",2,6,10.5
"257",2,6.2,10.5
"258",2,6.4,10.5
"259",2,6.6,10.5
"260",2,6.8,10.5
"261",2,7,10.5
"262",2,7.2,10.5
"263",2,7.4,10.5
"264",2,7.6,10.5
"265",2,7.8,10.5
"266",2,8,10.5
"267",2,8.2,10.5
"268",2,8.4,10.5
"269",2,8.6,10.5
"270",2,8.8,10.5
"271",2,9,10.5
"272",2,9.2,10.5
"273",2,9.4,10.5
"274",2,9.6,10.5
"275",2,9.8,10.5
"276",2,10,10.5
"277",2.2,1,12.2727272727273
"278",2.2,1.2,10.9090909090909
"279",2.2,1.4,10.9090909090909
"280",2.2,1.6,10.9090909090909
"281",2.2,1.8,10.9090909090909
"282",2.2,2,10.9090909090909
"283",2.2,2.2,10.9090909090909
"284",2.2,2.4,10.9090909090909
"285",2.2,2.6,10.9090909090909
"286",2.2,2.8,10.9090909090909
"287",2.2,3,10.9090909090909
"288",2.2,3.2,10.9090909090909
"289",2.2,3.4,10.9090909090909
"290",2.2,3.6,10.9090909090909
"291",2.2,3.8,9.54545454545454
"292",2.2,4,9.54545454545454
"293",2.2,4.2,9.54545454545454
"294",2.2,4.4,9.54545454545454
"295",2.2,4.6,9.54545454545454
"296",2.2,4.8,9.54545454545454
"297",2.2,5,9.54545454545454
"298",2.2,5.2,9.54545454545454
"299",2.2,5.4,9.54545454545454
"300",2.2,5.6,9.54545454545454
"301",2.2,5.8,9.54545454545454
"302",2.2,6,9.54545454545454
"303",2.2,6.2,9.54545454545454
"304",2.2,6.4,9.54545454545454
"305",2.2,6.6,9.54545454545454
"306",2.2,6.8,9.54545454545454
"307",2.2,7,9.54545454545454
"308",2.2,7.2,9.54545454545454
"309",2.2,7.4,9.54545454545454
"310",2.2,7.6,9.54545454545454
"311",2.2,7.8,9.54545454545454
"312",2.2,8,9.54545454545454
"313",2.2,8.2,9.54545454545454
"314",2.2,8.4,9.54545454545454
"315",2.2,8.6,9.54545454545454
"316",2.2,8.8,9.54545454545454
"317",2.2,9,9.54545454545454
"318",2.2,9.2,9.54545454545454
"319",2.2,9.4,9.54545454545454
"320",2.2,9.6,9.54545454545454
"321",2.2,9.8,9.54545454545454
"322",2.2,10,9.54545454545454
"323",2.4,1,11.25
"324",2.4,1.2,11.25
"325",2.4,1.4,10
"326",2.4,1.6,10
"327",2.4,1.8,10
"328",2.4,2,10
"329",2.4,2.2,10
"330",2.4,2.4,10
"331",2.4,2.6,10
"332",2.4,2.8,10
"333",2.4,3,10
"334",2.4,3.2,10
"335",2.4,3.4,10
"336",2.4,3.6,10
"337",2.4,3.8,10
"338",2.4,4,8.75
"339",2.4,4.2,8.75
"340",2.4,4.4,8.75
"341",2.4,4.6,8.75
"342",2.4,4.8,8.75
"343",2.4,5,8.75
"344",2.4,5.2,8.75
"345",2.4,5.4,8.75
"346",2.4,5.6,8.75
"347",2.4,5.8,8.75
"348",2.4,6,8.75
"349",2.4,6.2,8.75
"350",2.4,6.4,8.75
"351",2.4,6.6,8.75
"352",2.4,6.8,8.75
"353",2.4,7,8.75
"354",2.4,7.2,8.75
"355",2.4,7.4,8.75
"356",2.4,7.6,8.75
"357",2.4,7.8,8.75
"358",2.4,8,8.75
"359",2.4,8.2,8.75
"360",2.4,8.4,8.75
"361",2.4,8.6,8.75
"362",2.4,8.8,8.75
"363",2.4,9,8.75
"364",2.4,9.2,8.75
"365",2.4,9.4,8.75
"366",2.4,9.6,8.75
"367",2.4,9.8,8.75
"368",2.4,10,8.75
"369",2.6,1,10.3846153846154
"370",2.6,1.2,10.3846153846154
"371",2.6,1.4,9.23076923076924
"372",2.6,1.6,9.23076923076924
"373",2.6,1.8,9.23076923076924
"374",2.6,2,9.23076923076924
"375",2.6,2.2,9.23076923076924
"376",2.6,2.4,9.23076923076924
"377",2.6,2.6,9.23076923076924
"378",2.6,2.8,9.23076923076924
"379",2.6,3,9.23076923076924
"380",2.6,3.2,9.23076923076924
"381",2.6,3.4,9.23076923076924
"382",2.6,3.6,9.23076923076924
"383",2.6,3.8,9.23076923076924
"384",2.6,4,9.23076923076924
"385",2.6,4.2,9.23076923076924
"386",2.6,4.4,8.07692307692308
"387",2.6,4.6,8.07692307692308
"388",2.6,4.8,8.07692307692308
"389",2.6,5,8.07692307692308
"390",2.6,5.2,8.07692307692308
"391",2.6,5.4,8.07692307692308
"392",2.6,5.6,8.07692307692308
"393",2.6,5.8,8.07692307692308
"394",2.6,6,8.07692307692308
"395",2.6,6.2,8.07692307692308
"396",2.6,6.4,8.07692307692308
"397",2.6,6.6,8.07692307692308
"398",2.6,6.8,8.07692307692308
"399",2.6,7,8.07692307692308
"400",2.6,7.2,8.07692307692308
"401",2.6,7.4,8.07692307692308
"402",2.6,7.6,8.07692307692308
"403",2.6,7.8,8.07692307692308
"404",2.6,8,8.07692307692308
"405",2.6,8.2,8.07692307692308
"406",2.6,8.4,8.07692307692308
"407",2.6,8.6,8.07692307692308
"408",2.6,8.8,8.07692307692308
"409",2.6,9,8.07692307692308
"410",2.6,9.2,8.07692307692308
"411",2.6,9.4,8.07692307692308
"412",2.6,9.6,8.07692307692308
"413",2.6,9.8,8.07692307692308
"414",2.6,10,8.07692307692308
"415",2.8,1,9.64285714285714
"416",2.8,1.2,9.64285714285714
"417",2.8,1.4,9.64285714285714
"418",2.8,1.6,8.57142857142857
"419",2.8,1.8,8.57142857142857
"420",2.8,2,8.57142857142857
"421",2.8,2.2,8.57142857142857
"422",2.8,2.4,8.57142857142857
"423",2.8,2.6,8.57142857142857
"424",2.8,2.8,8.57142857142857
"425",2.8,3,8.57142857142857
"426",2.8,3.2,8.57142857142857
"427",2.8,3.4,8.57142857142857
"428",2.8,3.6,8.57142857142857
"429",2.8,3.8,8.57142857142857
"430",2.8,4,8.57142857142857
"431",2.8,4.2,8.57142857142857
"432",2.8,4.4,8.57142857142857
"433",2.8,4.6,8.57142857142857
"434",2.8,4.8,7.5
"435",2.8,5,7.5
"436",2.8,5.2,7.5
"437",2.8,5.4,7.5
"438",2.8,5.6,7.5
"439",2.8,5.8,7.5
"440",2.8,6,7.5
"441",2.8,6.2,7.5
"442",2.8,6.4,7.5
"443",2.8,6.6,7.5
"444",2.8,6.8,7.5
"445",2.8,7,7.5
"446",2.8,7.2,7.5
"447",2.8,7.4,7.5
"448",2.8,7.6,7.5
"449",2.8,7.8,7.5
"450",2.8,8,7.5
"451",2.8,8.2,7.5
"452",2.8,8.4,7.5
"453",2.8,8.6,7.5
"454",2.8,8.8,7.5
"455",2.8,9,7.5
"456",2.8,9.2,7.5
"457",2.8,9.4,7.5
"458",2.8,9.6,7.5
"459",2.8,9.8,7.5
"460",2.8,10,7.5
"461",3,1,8
"462",3,1.2,8
"463",3,1.4,8
"464",3,1.6,8
"465",3,1.8,8
"466",3,2,8
"467",3,2.2,8
"468",3,2.4,8
"469",3,2.6,8
"470",3,2.8,8
"471",3,3,8
"472",3,3.2,8
"473",3,3.4,8
"474",3,3.6,8
"475",3,3.8,8
"476",3,4,8
"477",3,4.2,8
"478",3,4.4,8
"479",3,4.6,8
"480",3,4.8,8
"481",3,5,8
"482",3,5.2,8
"483",3,5.4,8
"484",3,5.6,8
"485",3,5.8,8
"486",3,6,8
"487",3,6.2,6.66666666666666
"488",3,6.4,6.66666666666666
"489",3,6.6,6.66666666666666
"490",3,6.8,6.66666666666666
"491",3,7,6.66666666666666
"492",3,7.2,6.66666666666666
"493",3,7.4,6.66666666666666
"494",3,7.6,6.66666666666666
"495",3,7.8,6.66666666666666
"496",3,8,6.66666666666666
"497",3,8.2,6.66666666666666
"498",3,8.4,6.66666666666666
"499",3,8.6,6.66666666666666
"500",3,8.8,6.66666666666666
"501",3,9,6.66666666666666
"502",3,9.2,6.66666666666666
"503",3,9.4,6.66666666666666
"504",3,9.6,6.66666666666666
"505",3,9.8,6.66666666666666
"506",3,10,6.66666666666666
"507",3.2,1,7.5
"508",3.2,1.2,7.5
"509",3.2,1.4,7.5
"510",3.2,1.6,7.5
"511",3.2,1.8,7.5
"512",3.2,2,7.5
"513",3.2,2.2,7.5
"514",3.2,2.4,7.5
"515",3.2,2.6,7.5
"516",3.2,2.8,7.5
"517",3.2,3,7.5
"518",3.2,3.2,7.5
"519",3.2,3.4,7.5
"520",3.2,3.6,7.5
"521",3.2,3.8,7.5
"522",3.2,4,7.5
"523",3.2,4.2,7.5
"524",3.2,4.4,7.5
"525",3.2,4.6,7.5
"526",3.2,4.8,7.5
"527",3.2,5,7.5
"528",3.2,5.2,7.5
"529",3.2,5.4,7.5
"530",3.2,5.6,7.5
"531",3.2,5.8,7.5
"532",3.2,6,7.5
"533",3.2,6.2,7.5
"534",3.2,6.4,7.5
"535",3.2,6.6,6.25
"536",3.2,6.8,6.25
"537",3.2,7,6.25
"538",3.2,7.2,6.25
"539",3.2,7.4,6.25
"540",3.2,7.6,6.25
"541",3.2,7.8,6.25
"542",3.2,8,6.25
"543",3.2,8.2,6.25
"544",3.2,8.4,6.25
"545",3.2,8.6,6.25
"546",3.2,8.8,6.25
"547",3.2,9,6.25
"548",3.2,9.2,6.25
"549",3.2,9.4,6.25
"550",3.2,9.6,6.25
"551",3.2,9.8,6.25
"552",3.2,10,6.25
"553",3.4,1,7.05882352941176
"554",3.4,1.2,7.05882352941176
"555",3.4,1.4,7.05882352941176
"556",3.4,1.6,7.05882352941176
"557",3.4,1.8,7.05882352941176
"558",3.4,2,7.05882352941176
"559",3.4,2.2,7.05882352941176
"560",3.4,2.4,7.05882352941176
"561",3.4,2.6,7.05882352941176
"562",3.4,2.8,7.05882352941176
"563",3.4,3,7.05882352941176
"564",3.4,3.2,7.05882352941176
"565",3.4,3.4,7.05882352941176
"566",3.4,3.6,7.05882352941176
"567",3.4,3.8,7.05882352941176
"568",3.4,4,7.05882352941176
"569",3.4,4.2,7.05882352941176
"570",3.4,4.4,7.05882352941176
"571",3.4,4.6,7.05882352941176
"572",3.4,4.8,7.05882352941176
"573",3.4,5,7.05882352941176
"574",3.4,5.2,7.05882352941176
"575",3.4,5.4,7.05882352941176
"576",3.4,5.6,7.05882352941176
"577",3.4,5.8,7.05882352941176
"578",3.4,6,7.05882352941176
"579",3.4,6.2,7.05882352941176
"580",3.4,6.4,7.05882352941176
"581",3.4,6.6,7.05882352941176
"582",3.4,6.8,7.05882352941176
"583",3.4,7,5.88235294117647
"584",3.4,7.2,5.88235294117647
"585",3.4,7.4,5.88235294117647
"586",3.4,7.6,5.88235294117647
"587",3.4,7.8,5.88235294117647
"588",3.4,8,5.88235294117647
"589",3.4,8.2,5.88235294117647
"590",3.4,8.4,5.88235294117647
"591",3.4,8.6,5.88235294117647
"592",3.4,8.8,5.88235294117647
"593",3.4,9,5.88235294117647
"594",3.4,9.2,5.88235294117647
"595",3.4,9.4,5.88235294117647
"596",3.4,9.6,5.88235294117647
"597",3.4,9.8,5.88235294117647
"598",3.4,10,5.88235294117647
"599",3.6,1,6.66666666666667
"600",3.6,1.2,6.66666666666667
"601",3.6,1.4,6.66666666666667
"602",3.6,1.6,6.66666666666667
"603",3.6,1.8,6.66666666666667
"604",3.6,2,6.66666666666667
"605",3.6,2.2,6.66666666666667
"606",3.6,2.4,6.66666666666667
"607",3.6,2.6,6.66666666666667
"608",3.6,2.8,6.66666666666667
"609",3.6,3,6.66666666666667
"610",3.6,3.2,6.66666666666667
"611",3.6,3.4,6.66666666666667
"612",3.6,3.6,6.66666666666667
"613",3.6,3.8,6.66666666666667
"614",3.6,4,6.66666666666667
"615",3.6,4.2,6.66666666666667
"616",3.6,4.4,6.66666666666667
"617",3.6,4.6,6.66666666666667
"618",3.6,4.8,6.66666666666667
"619",3.6,5,6.66666666666667
"620",3.6,5.2,6.66666666666667
"621",3.6,5.4,6.66666666666667
"622",3.6,5.6,6.66666666666667
"623",3.6,5.8,6.66666666666667
"624",3.6,6,6.66666666666667
"625",3.6,6.2,6.66666666666667
"626",3.6,6.4,6.66666666666667
"627",3.6,6.6,6.66666666666667
"628",3.6,6.8,6.66666666666667
"629",3.6,7,6.66666666666667
"630",3.6,7.2,5.55555555555555
"631",3.6,7.4,5.55555555555555
"632",3.6,7.6,5.55555555555555
"633",3.6,7.8,5.55555555555555
"634",3.6,8,5.55555555555555
"635",3.6,8.2,5.55555555555555
"636",3.6,8.4,5.55555555555555
"637",3.6,8.6,5.55555555555555
"638",3.6,8.8,5.55555555555555
"639",3.6,9,5.55555555555555
"640",3.6,9.2,5.55555555555555
"641",3.6,9.4,5.55555555555555
"642",3.6,9.6,5.55555555555555
"643",3.6,9.8,5.55555555555555
"644",3.6,10,5.55555555555555
"645",3.8,1,6.31578947368421
"646",3.8,1.2,6.31578947368421
"647",3.8,1.4,6.31578947368421
"648",3.8,1.6,6.31578947368421
"649",3.8,1.8,6.31578947368421
"650",3.8,2,6.31578947368421
"651",3.8,2.2,6.31578947368421
"652",3.8,2.4,6.31578947368421
"653",3.8,2.6,6.31578947368421
"654",3.8,2.8,6.31578947368421
"655",3.8,3,6.31578947368421
"656",3.8,3.2,6.31578947368421
"657",3.8,3.4,6.31578947368421
"658",3.8,3.6,6.31578947368421
"659",3.8,3.8,6.31578947368421
"660",3.8,4,6.31578947368421
"661",3.8,4.2,6.31578947368421
"662",3.8,4.4,6.31578947368421
"663",3.8,4.6,6.31578947368421
"664",3.8,4.8,6.31578947368421
"665",3.8,5,6.31578947368421
"666",3.8,5.2,6.31578947368421
"667",3.8,5.4,6.31578947368421
"668",3.8,5.6,6.31578947368421
"669",3.8,5.8,6.31578947368421
"670",3.8,6,6.31578947368421
"671",3.8,6.2,6.31578947368421
"672",3.8,6.4,6.31578947368421
"673",3.8,6.6,6.31578947368421
"674",3.8,6.8,6.31578947368421
"675",3.8,7,6.31578947368421
"676",3.8,7.2,6.31578947368421
"677",3.8,7.4,6.31578947368421
"678",3.8,7.6,5.26315789473684
"679",3.8,7.8,5.26315789473684
"680",3.8,8,5.26315789473684
"681",3.8,8.2,5.26315789473684
"682",3.8,8.4,5.26315789473684
"683",3.8,8.6,5.26315789473684
"684",3.8,8.8,5.26315789473684
"685",3.8,9,5.26315789473684
"686",3.8,9.2,5.26315789473684
"687",3.8,9.4,5.26315789473684
"688",3.8,9.6,5.26315789473684
"689",3.8,9.8,5.26315789473684
"690",3.8,10,5.26315789473684
"691",4,1,6.25
"692",4,1.2,6.25
"693",4,1.4,6.25
"694",4,1.6,6.25
"695",4,1.8,6.25
"696",4,2,6.25
"697",4,2.2,6.25
"698",4,2.4,6.25
"699",4,2.6,6.25
"700",4,2.8,6.25
"701",4,3,6.25
"702",4,3.2,6.25
"703",4,3.4,6.25
"704",4,3.6,6.25
"705",4,3.8,6.25
"706",4,4,6.25
"707",4,4.2,6.25
"708",4,4.4,6.25
"709",4,4.6,6.25
"710",4,4.8,6.25
"711",4,5,6.25
"712",4,5.2,6.25
"713",4,5.4,6.25
"714",4,5.6,6.25
"715",4,5.8,6.25
"716",4,6,6.25
"717",4,6.2,5
"718",4,6.4,5
"719",4,6.6,5
"720",4,6.8,5
"721",4,7,5
"722",4,7.2,5
"723",4,7.4,5
"724",4,7.6,5
"725",4,7.8,5
"726",4,8,5
"727",4,8.2,5
"728",4,8.4,5
"729",4,8.6,5
"730",4,8.8,5
"731",4,9,5
"732",4,9.2,5
"733",4,9.4,5
"734",4,9.6,5
"735",4,9.8,5
"736",4,10,5
"737",4.2,1,5.95238095238095
"738",4.2,1.2,5.95238095238095
"739",4.2,1.4,5.95238095238095
"740",4.2,1.6,5.95238095238095
"741",4.2,1.8,5.95238095238095
"742",4.2,2,5.95238095238095
"743",4.2,2.2,5.95238095238095
"744",4.2,2.4,5.95238095238095
"745",4.2,2.6,5.95238095238095
"746",4.2,2.8,5.95238095238095
"747",4.2,3,5.95238095238095
"748",4.2,3.2,5.95238095238095
"749",4.2,3.4,5.95238095238095
"750",4.2,3.6,5.95238095238095
"751",4.2,3.8,5.95238095238095
"752",4.2,4,5.95238095238095
"753",4.2,4.2,5.95238095238095
"754",4.2,4.4,5.95238095238095
"755",4.2,4.6,5.95238095238095
"756",4.2,4.8,5.95238095238095
"757",4.2,5,5.95238095238095
"758",4.2,5.2,5.95238095238095
"759",4.2,5.4,5.95238095238095
"760",4.2,5.6,5.95238095238095
"761",4.2,5.8,5.95238095238095
"762",4.2,6,5.95238095238095
"763",4.2,6.2,5.95238095238095
"764",4.2,6.4,4.76190476190476
"765",4.2,6.6,4.76190476190476
"766",4.2,6.8,4.76190476190476
"767",4.2,7,4.76190476190476
"768",4.2,7.2,4.76190476190476
"769",4.2,7.4,4.76190476190476
"770",4.2,7.6,4.76190476190476
"771",4.2,7.8,4.76190476190476
"772",4.2,8,4.76190476190476
"773",4.2,8.2,4.76190476190476
"774",4.2,8.4,4.76190476190476
"775",4.2,8.6,4.76190476190476
"776",4.2,8.8,4.76190476190476
"777",4.2,9,4.76190476190476
"778",4.2,9.2,4.76190476190476
"779",4.2,9.4,4.76190476190476
"780",4.2,9.6,4.76190476190476
"781",4.2,9.8,4.76190476190476
"782",4.2,10,4.76190476190476
"783",4.4,1,5.68181818181818
"784",4.4,1.2,5.68181818181818
"785",4.4,1.4,5.68181818181818
"786",4.4,1.6,5.68181818181818
"787",4.4,1.8,5.68181818181818
"788",4.4,2,5.68181818181818
"789",4.4,2.2,5.68181818181818
"790",4.4,2.4,5.68181818181818
"791",4.4,2.6,5.68181818181818
"792",4.4,2.8,5.68181818181818
"793",4.4,3,5.68181818181818
"794",4.4,3.2,5.68181818181818
"795",4.4,3.4,5.68181818181818
"796",4.4,3.6,5.68181818181818
"797",4.4,3.8,5.68181818181818
"798",4.4,4,5.68181818181818
"799",4.4,4.2,5.68181818181818
"800",4.4,4.4,5.68181818181818
"801",4.4,4.6,5.68181818181818
"802",4.4,4.8,5.68181818181818
"803",4.4,5,5.68181818181818
"804",4.4,5.2,5.68181818181818
"805",4.4,5.4,5.68181818181818
"806",4.4,5.6,5.68181818181818
"807",4.4,5.8,5.68181818181818
"808",4.4,6,5.68181818181818
"809",4.4,6.2,5.68181818181818
"810",4.4,6.4,5.68181818181818
"811",4.4,6.6,5.68181818181818
"812",4.4,6.8,4.54545454545454
"813",4.4,7,4.54545454545454
"814",4.4,7.2,4.54545454545454
"815",4.4,7.4,4.54545454545454
"816",4.4,7.6,4.54545454545454
"817",4.4,7.8,4.54545454545454
"818",4.4,8,4.54545454545454
"819",4.4,8.2,4.54545454545454
"820",4.4,8.4,4.54545454545454
"821",4.4,8.6,4.54545454545454
"822",4.4,8.8,4.54545454545454
"823",4.4,9,4.54545454545454
"824",4.4,9.2,4.54545454545454
"825",4.4,9.4,4.54545454545454
"826",4.4,9.6,4.54545454545454
"827",4.4,9.8,4.54545454545454
"828",4.4,10,4.54545454545454
"829",4.6,1,5.43478260869565
"830",4.6,1.2,5.43478260869565
"831",4.6,1.4,5.43478260869565
"832",4.6,1.6,5.43478260869565
"833",4.6,1.8,5.43478260869565
"834",4.6,2,5.43478260869565
"835",4.6,2.2,5.43478260869565
"836",4.6,2.4,5.43478260869565
"837",4.6,2.6,5.43478260869565
"838",4.6,2.8,5.43478260869565
"839",4.6,3,5.43478260869565
"840",4.6,3.2,5.43478260869565
"841",4.6,3.4,5.43478260869565
"842",4.6,3.6,5.43478260869565
"843",4.6,3.8,5.43478260869565
"844",4.6,4,5.43478260869565
"845",4.6,4.2,5.43478260869565
"846",4.6,4.4,5.43478260869565
"847",4.6,4.6,5.43478260869565
"848",4.6,4.8,5.43478260869565
"849",4.6,5,5.43478260869565
"850",4.6,5.2,5.43478260869565
"851",4.6,5.4,5.43478260869565
"852",4.6,5.6,5.43478260869565
"853",4.6,5.8,5.43478260869565
"854",4.6,6,5.43478260869565
"855",4.6,6.2,5.43478260869565
"856",4.6,6.4,5.43478260869565
"857",4.6,6.6,5.43478260869565
"858",4.6,6.8,5.43478260869565
"859",4.6,7,4.34782608695652
"860",4.6,7.2,4.34782608695652
"861",4.6,7.4,4.34782608695652
"862",4.6,7.6,4.34782608695652
"863",4.6,7.8,4.34782608695652
"864",4.6,8,4.34782608695652
"865",4.6,8.2,4.34782608695652
"866",4.6,8.4,4.34782608695652
"867",4.6,8.6,4.34782608695652
"868",4.6,8.8,4.34782608695652
"869",4.6,9,4.34782608695652
"870",4.6,9.2,4.34782608695652
"871",4.6,9.4,4.34782608695652
"872",4.6,9.6,4.34782608695652
"873",4.6,9.8,4.34782608695652
"874",4.6,10,4.34782608695652
"875",4.8,1,5.20833333333333
"876",4.8,1.2,5.20833333333333
"877",4.8,1.4,5.20833333333333
"878",4.8,1.6,5.20833333333333
"879",4.8,1.8,5.20833333333333
"880",4.8,2,5.20833333333333
"881",4.8,2.2,5.20833333333333
"882",4.8,2.4,5.20833333333333
"883",4.8,2.6,5.20833333333333
"884",4.8,2.8,5.20833333333333
"885",4.8,3,5.20833333333333
"886",4.8,3.2,5.20833333333333
"887",4.8,3.4,5.20833333333333
"888",4.8,3.6,5.20833333333333
"889",4.8,3.8,5.20833333333333
"890",4.8,4,5.20833333333333
"891",4.8,4.2,5.20833333333333
"892",4.8,4.4,5.20833333333333
"893",4.8,4.6,5.20833333333333
"894",4.8,4.8,5.20833333333333
"895",4.8,5,5.20833333333333
"896",4.8,5.2,5.20833333333333
"897",4.8,5.4,5.20833333333333
"898",4.8,5.6,5.20833333333333
"899",4.8,5.8,5.20833333333333
"900",4.8,6,5.20833333333333
"901",4.8,6.2,5.20833333333333
"902",4.8,6.4,5.20833333333333
"903",4.8,6.6,5.20833333333333
"904",4.8,6.8,5.20833333333333
"905",4.8,7,5.20833333333333
"906",4.8,7.2,4.16666666666667
"907",4.8,7.4,4.16666666666667
"908",4.8,7.6,4.16666666666667
"909",4.8,7.8,4.16666666666667
"910",4.8,8,4.16666666666667
"911",4.8,8.2,4.16666666666667
"912",4.8,8.4,4.16666666666667
"913",4.8,8.6,4.16666666666667
"914",4.8,8.8,4.16666666666667
"915",4.8,9,4.16666666666667
"916",4.8,9.2,4.16666666666667
"917",4.8,9.4,4.16666666666667
"918",4.8,9.6,4.16666666666667
"919",4.8,9.8,4.16666666666667
"920",4.8,10,4.16666666666667
"921",5,1,4.8
"922",5,1.2,4.8
"923",5,1.4,4.8
"924",5,1.6,4.8
"925",5,1.8,4.8
"926",5,2,4.8
"927",5,2.2,4.8
"928",5,2.4,4.8
"929",5,2.6,4.8
"930",5,2.8,4.8
"931",5,3,4.8
"932",5,3.2,4.8
"933",5,3.4,4.8
"934",5,3.6,4.8
"935",5,3.8,4.8
"936",5,4,4.8
"937",5,4.2,4.8
"938",5,4.4,4.8
"939",5,4.6,4.8
"940",5,4.8,4.8
"941",5,5,4.8
"942",5,5.2,4.8
"943",5,5.4,4.8
"944",5,5.6,4.8
"945",5,5.8,4.8
"946",5,6,4.8
"947",5,6.2,4.8
"948",5,6.4,4.8
"949",5,6.6,4.8
"950",5,6.8,4.8
"951",5,7,4.8
"952",5,7.2,4.8
"953",5,7.4,4.8
"954",5,7.6,4.8
"955",5,7.8,4.8
"956",5,8,4.8
"957",5,8.2,4.8
"958",5,8.4,4.8
"959",5,8.6,4.8
"960",5,8.8,4.8
"961",5,9,4.8
"962",5,9.2,4.8
"963",5,9.4,4.8
"964",5,9.6,4.8
"965",5,9.8,4.8
"966",5,10,4.8
"967",5.2,1,4.61538461538462
"968",5.2,1.2,4.61538461538462
"969",5.2,1.4,4.61538461538462
"970",5.2,1.6,4.61538461538462
"971",5.2,1.8,4.61538461538462
"972",5.2,2,4.61538461538462
"973",5.2,2.2,4.61538461538462
"974",5.2,2.4,4.61538461538462
"975",5.2,2.6,4.61538461538462
"976",5.2,2.8,4.61538461538462
"977",5.2,3,4.61538461538462
"978",5.2,3.2,4.61538461538462
"979",5.2,3.4,4.61538461538462
"980",5.2,3.6,4.61538461538462
"981",5.2,3.8,4.61538461538462
"982",5.2,4,4.61538461538462
"983",5.2,4.2,4.61538461538462
"984",5.2,4.4,4.61538461538462
"985",5.2,4.6,4.61538461538462
"986",5.2,4.8,4.61538461538462
"987",5.2,5,4.61538461538462
"988",5.2,5.2,4.61538461538462
"989",5.2,5.4,4.61538461538462
"990",5.2,5.6,4.61538461538462
"991",5.2,5.8,4.61538461538462
"992",5.2,6,4.61538461538462
"993",5.2,6.2,4.61538461538462
"994",5.2,6.4,4.61538461538462
"995",5.2,6.6,4.61538461538462
"996",5.2,6.8,4.61538461538462
"997",5.2,7,4.61538461538462
"998",5.2,7.2,4.61538461538462
"999",5.2,7.4,4.61538461538462
"1000",5.2,7.6,4.61538461538462
"1001",5.2,7.8,4.61538461538462
"1002",5.2,8,4.61538461538462
"1003",5.2,8.2,4.61538461538462
"1004",5.2,8.4,4.61538461538462
"1005",5.2,8.6,4.61538461538462
"1006",5.2,8.8,4.61538461538462
"1007",5.2,9,4.61538461538462
"1008",5.2,9.2,4.61538461538462
"1009",5.2,9.4,4.61538461538462
"1010",5.2,9.6,4.61538461538462
"1011",5.2,9.8,4.61538461538462
"1012",5.2,10,4.61538461538462
"1013",5.4,1,4.44444444444444
"1014",5.4,1.2,4.44444444444444
"1015",5.4,1.4,4.44444444444444
"1016",5.4,1.6,4.44444444444444
"1017",5.4,1.8,4.44444444444444
"1018",5.4,2,4.44444444444444
"1019",5.4,2.2,4.44444444444444
"1020",5.4,2.4,4.44444444444444
"1021",5.4,2.6,4.44444444444444
"1022",5.4,2.8,4.44444444444444
"1023",5.4,3,4.44444444444444
"1024",5.4,3.2,4.44444444444444
"1025",5.4,3.4,4.44444444444444
"1026",5.4,3.6,4.44444444444444
"1027",5.4,3.8,4.44444444444444
"1028",5.4,4,4.44444444444444
"1029",5.4,4.2,4.44444444444444
"1030",5.4,4.4,4.44444444444444
"1031",5.4,4.6,4.44444444444444
"1032",5.4,4.8,4.44444444444444
"1033",5.4,5,4.44444444444444
"1034",5.4,5.2,4.44444444444444
"1035",5.4,5.4,4.44444444444444
"1036",5.4,5.6,4.44444444444444
"1037",5.4,5.8,4.44444444444444
"1038",5.4,6,4.44444444444444
"1039",5.4,6.2,4.44444444444444
"1040",5.4,6.4,4.44444444444444
"1041",5.4,6.6,4.44444444444444
"1042",5.4,6.8,4.44444444444444
"1043",5.4,7,4.44444444444444
"1044",5.4,7.2,4.44444444444444
"1045",5.4,7.4,4.44444444444444
"1046",5.4,7.6,4.44444444444444
"1047",5.4,7.8,4.44444444444444
"1048",5.4,8,4.44444444444444
"1049",5.4,8.2,4.44444444444444
"1050",5.4,8.4,4.44444444444444
"1051",5.4,8.6,4.44444444444444
"1052",5.4,8.8,4.44444444444444
"1053",5.4,9,4.44444444444444
"1054",5.4,9.2,4.44444444444444
"1055",5.4,9.4,4.44444444444444
"1056",5.4,9.6,4.44444444444444
"1057",5.4,9.8,4.44444444444444
"1058",5.4,10,4.44444444444444
"1059",5.6,1,4.28571428571428
"1060",5.6,1.2,4.28571428571428
"1061",5.6,1.4,4.28571428571428
"1062",5.6,1.6,4.28571428571428
"1063",5.6,1.8,4.28571428571428
"1064",5.6,2,4.28571428571428
"1065",5.6,2.2,4.28571428571428
"1066",5.6,2.4,4.28571428571428
"1067",5.6,2.6,4.28571428571428
"1068",5.6,2.8,4.28571428571428
"1069",5.6,3,4.28571428571428
"1070",5.6,3.2,4.28571428571428
"1071",5.6,3.4,4.28571428571428
"1072",5.6,3.6,4.28571428571428
"1073",5.6,3.8,4.28571428571428
"1074",5.6,4,4.28571428571428
"1075",5.6,4.2,4.28571428571428
"1076",5.6,4.4,4.28571428571428
"1077",5.6,4.6,4.28571428571428
"1078",5.6,4.8,4.28571428571428
"1079",5.6,5,4.28571428571428
"1080",5.6,5.2,4.28571428571428
"1081",5.6,5.4,4.28571428571428
"1082",5.6,5.6,4.28571428571428
"1083",5.6,5.8,4.28571428571428
"1084",5.6,6,4.28571428571428
"1085",5.6,6.2,4.28571428571428
"1086",5.6,6.4,4.28571428571428
"1087",5.6,6.6,4.28571428571428
"1088",5.6,6.8,4.28571428571428
"1089",5.6,7,4.28571428571428
"1090",5.6,7.2,4.28571428571428
"1091",5.6,7.4,4.28571428571428
"1092",5.6,7.6,4.28571428571428
"1093",5.6,7.8,4.28571428571428
"1094",5.6,8,4.28571428571428
"1095",5.6,8.2,4.28571428571428
"1096",5.6,8.4,4.28571428571428
"1097",5.6,8.6,4.28571428571428
"1098",5.6,8.8,4.28571428571428
"1099",5.6,9,4.28571428571428
"1100",5.6,9.2,4.28571428571428
"1101",5.6,9.4,4.28571428571428
"1102",5.6,9.6,4.28571428571428
"1103",5.6,9.8,4.28571428571428
"1104",5.6,10,4.28571428571428
"1105",5.8,1,4.13793103448276
"1106",5.8,1.2,4.13793103448276
"1107",5.8,1.4,4.13793103448276
"1108",5.8,1.6,4.13793103448276
"1109",5.8,1.8,4.13793103448276
"1110",5.8,2,4.13793103448276
"1111",5.8,2.2,4.13793103448276
"1112",5.8,2.4,4.13793103448276
"1113",5.8,2.6,4.13793103448276
"1114",5.8,2.8,4.13793103448276
"1115",5.8,3,4.13793103448276
"1116",5.8,3.2,4.13793103448276
"1117",5.8,3.4,4.13793103448276
"1118",5.8,3.6,4.13793103448276
"1119",5.8,3.8,4.13793103448276
"1120",5.8,4,4.13793103448276
"1121",5.8,4.2,4.13793103448276
"1122",5.8,4.4,4.13793103448276
"1123",5.8,4.6,4.13793103448276
"1124",5.8,4.8,4.13793103448276
"1125",5.8,5,4.13793103448276
"1126",5.8,5.2,4.13793103448276
"1127",5.8,5.4,4.13793103448276
"1128",5.8,5.6,4.13793103448276
"1129",5.8,5.8,4.13793103448276
"1130",5.8,6,4.13793103448276
"1131",5.8,6.2,4.13793103448276
"1132",5.8,6.4,4.13793103448276
"1133",5.8,6.6,4.13793103448276
"1134",5.8,6.8,4.13793103448276
"1135",5.8,7,4.13793103448276
"1136",5.8,7.2,4.13793103448276
"1137",5.8,7.4,4.13793103448276
"1138",5.8,7.6,4.13793103448276
"1139",5.8,7.8,4.13793103448276
"1140",5.8,8,4.13793103448276
"1141",5.8,8.2,4.13793103448276
"1142",5.8,8.4,4.13793103448276
"1143",5.8,8.6,4.13793103448276
"1144",5.8,8.8,4.13793103448276
"1145",5.8,9,4.13793103448276
"1146",5.8,9.2,4.13793103448276
"1147",5.8,9.4,4.13793103448276
"1148",5.8,9.6,4.13793103448276
"1149",5.8,9.8,4.13793103448276
"1150",5.8,10,4.13793103448276
"1151",6,1,4.66666666666667
"1152",6,1.2,4.66666666666667
"1153",6,1.4,4.66666666666667
"1154",6,1.6,4.66666666666667
"1155",6,1.8,4.66666666666667
"1156",6,2,4.66666666666667
"1157",6,2.2,4.66666666666667
"1158",6,2.4,4.66666666666667
"1159",6,2.6,4.66666666666667
"1160",6,2.8,4.66666666666667
"1161",6,3,4.66666666666667
"1162",6,3.2,3.5
"1163",6,3.4,3.5
"1164",6,3.6,3.5
"1165",6,3.8,3.5
"1166",6,4,3.5
"1167",6,4.2,3.5
"1168",6,4.4,3.5
"1169",6,4.6,3.5
"1170",6,4.8,3.5
"1171",6,5,3.5
"1172",6,5.2,3.5
"1173",6,5.4,3.5
"1174",6,5.6,3.5
"1175",6,5.8,3.5
"1176",6,6,3.5
"1177",6,6.2,3.5
"1178",6,6.4,3.5
"1179",6,6.6,3.5
"1180",6,6.8,3.5
"1181",6,7,3.5
"1182",6,7.2,3.5
"1183",6,7.4,3.5
"1184",6,7.6,3.5
"1185",6,7.8,3.5
"1186",6,8,3.5
"1187",6,8.2,3.5
"1188",6,8.4,3.5
"1189",6,8.6,3.5
"1190",6,8.8,3.5
"1191",6,9,3.5
"1192",6,9.2,3.5
"1193",6,9.4,3.5
"1194",6,9.6,3.5
"1195",6,9.8,3.5
"1196",6,10,3.5
"1197",6.2,1,4.51612903225806
"1198",6.2,1.2,4.51612903225806
"1199",6.2,1.4,4.51612903225806
"1200",6.2,1.6,4.51612903225806
"1201",6.2,1.8,4.51612903225806
"1202",6.2,2,4.51612903225806
"1203",6.2,2.2,4.51612903225806
"1204",6.2,2.4,4.51612903225806
"1205",6.2,2.6,4.51612903225806
"1206",6.2,2.8,4.51612903225806
"1207",6.2,3,4.51612903225806
"1208",6.2,3.2,3.38709677419355
"1209",6.2,3.4,3.38709677419355
"1210",6.2,3.6,3.38709677419355
"1211",6.2,3.8,3.38709677419355
"1212",6.2,4,3.38709677419355
"1213",6.2,4.2,3.38709677419355
"1214",6.2,4.4,3.38709677419355
"1215",6.2,4.6,3.38709677419355
"1216",6.2,4.8,3.38709677419355
"1217",6.2,5,3.38709677419355
"1218",6.2,5.2,3.38709677419355
"1219",6.2,5.4,3.38709677419355
"1220",6.2,5.6,3.38709677419355
"1221",6.2,5.8,3.38709677419355
"1222",6.2,6,3.38709677419355
"1223",6.2,6.2,3.38709677419355
"1224",6.2,6.4,3.38709677419355
"1225",6.2,6.6,3.38709677419355
"1226",6.2,6.8,3.38709677419355
"1227",6.2,7,3.38709677419355
"1228",6.2,7.2,3.38709677419355
"1229",6.2,7.4,3.38709677419355
"1230",6.2,7.6,3.38709677419355
"1231",6.2,7.8,3.38709677419355
"1232",6.2,8,3.38709677419355
"1233",6.2,8.2,3.38709677419355
"1234",6.2,8.4,3.38709677419355
"1235",6.2,8.6,3.38709677419355
"1236",6.2,8.8,3.38709677419355
"1237",6.2,9,3.38709677419355
"1238",6.2,9.2,3.38709677419355
"1239",6.2,9.4,3.38709677419355
"1240",6.2,9.6,3.38709677419355
"1241",6.2,9.8,3.38709677419355
"1242",6.2,10,3.38709677419355
"1243",6.4,1,4.375
"1244",6.4,1.2,4.375
"1245",6.4,1.4,4.375
"1246",6.4,1.6,4.375
"1247",6.4,1.8,4.375
"1248",6.4,2,4.375
"1249",6.4,2.2,4.375
"1250",6.4,2.4,4.375
"1251",6.4,2.6,4.375
"1252",6.4,2.8,4.375
"1253",6.4,3,4.375
"1254",6.4,3.2,4.375
"1255",6.4,3.4,3.28125
"1256",6.4,3.6,3.28125
"1257",6.4,3.8,3.28125
"1258",6.4,4,3.28125
"1259",6.4,4.2,3.28125
"1260",6.4,4.4,3.28125
"1261",6.4,4.6,3.28125
"1262",6.4,4.8,3.28125
"1263",6.4,5,3.28125
"1264",6.4,5.2,3.28125
"1265",6.4,5.4,3.28125
"1266",6.4,5.6,3.28125
"1267",6.4,5.8,3.28125
"1268",6.4,6,3.28125
"1269",6.4,6.2,3.28125
"1270",6.4,6.4,3.28125
"1271",6.4,6.6,3.28125
"1272",6.4,6.8,3.28125
"1273",6.4,7,3.28125
"1274",6.4,7.2,3.28125
"1275",6.4,7.4,3.28125
"1276",6.4,7.6,3.28125
"1277",6.4,7.8,3.28125
"1278",6.4,8,3.28125
"1279",6.4,8.2,3.28125
"1280",6.4,8.4,3.28125
"1281",6.4,8.6,3.28125
"1282",6.4,8.8,3.28125
"1283",6.4,9,3.28125
"1284",6.4,9.2,3.28125
"1285",6.4,9.4,3.28125
"1286",6.4,9.6,3.28125
"1287",6.4,9.8,3.28125
"1288",6.4,10,3.28125
"1289",6.6,1,4.24242424242424
"1290",6.6,1.2,4.24242424242424
"1291",6.6,1.4,4.24242424242424
"1292",6.6,1.6,4.24242424242424
"1293",6.6,1.8,4.24242424242424
"1294",6.6,2,4.24242424242424
"1295",6.6,2.2,4.24242424242424
"1296",6.6,2.4,4.24242424242424
"1297",6.6,2.6,4.24242424242424
"1298",6.6,2.8,4.24242424242424
"1299",6.6,3,4.24242424242424
"1300",6.6,3.2,4.24242424242424
"1301",6.6,3.4,3.18181818181818
"1302",6.6,3.6,3.18181818181818
"1303",6.6,3.8,3.18181818181818
"1304",6.6,4,3.18181818181818
"1305",6.6,4.2,3.18181818181818
"1306",6.6,4.4,3.18181818181818
"1307",6.6,4.6,3.18181818181818
"1308",6.6,4.8,3.18181818181818
"1309",6.6,5,3.18181818181818
"1310",6.6,5.2,3.18181818181818
"1311",6.6,5.4,3.18181818181818
"1312",6.6,5.6,3.18181818181818
"1313",6.6,5.8,3.18181818181818
"1314",6.6,6,3.18181818181818
"1315",6.6,6.2,3.18181818181818
"1316",6.6,6.4,3.18181818181818
"1317",6.6,6.6,3.18181818181818
"1318",6.6,6.8,3.18181818181818
"1319",6.6,7,3.18181818181818
"1320",6.6,7.2,3.18181818181818
"1321",6.6,7.4,3.18181818181818
"1322",6.6,7.6,3.18181818181818
"1323",6.6,7.8,3.18181818181818
"1324",6.6,8,3.18181818181818
"1325",6.6,8.2,3.18181818181818
"1326",6.6,8.4,3.18181818181818
"1327",6.6,8.6,3.18181818181818
"1328",6.6,8.8,3.18181818181818
"1329",6.6,9,3.18181818181818
"1330",6.6,9.2,3.18181818181818
"1331",6.6,9.4,3.18181818181818
"1332",6.6,9.6,3.18181818181818
"1333",6.6,9.8,3.18181818181818
"1334",6.6,10,3.18181818181818
"1335",6.8,1,4.11764705882353
"1336",6.8,1.2,4.11764705882353
"1337",6.8,1.4,4.11764705882353
"1338",6.8,1.6,4.11764705882353
"1339",6.8,1.8,4.11764705882353
"1340",6.8,2,4.11764705882353
"1341",6.8,2.2,4.11764705882353
"1342",6.8,2.4,4.11764705882353
"1343",6.8,2.6,4.11764705882353
"1344",6.8,2.8,4.11764705882353
"1345",6.8,3,4.11764705882353
"1346",6.8,3.2,4.11764705882353
"1347",6.8,3.4,4.11764705882353
"1348",6.8,3.6,3.08823529411765
"1349",6.8,3.8,3.08823529411765
"1350",6.8,4,3.08823529411765
"1351",6.8,4.2,3.08823529411765
"1352",6.8,4.4,3.08823529411765
"1353",6.8,4.6,3.08823529411765
"1354",6.8,4.8,3.08823529411765
"1355",6.8,5,3.08823529411765
"1356",6.8,5.2,3.08823529411765
"1357",6.8,5.4,3.08823529411765
"1358",6.8,5.6,3.08823529411765
"1359",6.8,5.8,3.08823529411765
"1360",6.8,6,3.08823529411765
"1361",6.8,6.2,3.08823529411765
"1362",6.8,6.4,3.08823529411765
"1363",6.8,6.6,3.08823529411765
"1364",6.8,6.8,3.08823529411765
"1365",6.8,7,3.08823529411765
"1366",6.8,7.2,3.08823529411765
"1367",6.8,7.4,3.08823529411765
"1368",6.8,7.6,3.08823529411765
"1369",6.8,7.8,3.08823529411765
"1370",6.8,8,3.08823529411765
"1371",6.8,8.2,3.08823529411765
"1372",6.8,8.4,3.08823529411765
"1373",6.8,8.6,3.08823529411765
"1374",6.8,8.8,3.08823529411765
"1375",6.8,9,3.08823529411765
"1376",6.8,9.2,3.08823529411765
"1377",6.8,9.4,3.08823529411765
"1378",6.8,9.6,3.08823529411765
"1379",6.8,9.8,3.08823529411765
"1380",6.8,10,3.08823529411765
"1381",7,1,3.42857142857143
"1382",7,1.2,3.42857142857143
"1383",7,1.4,3.42857142857143
"1384",7,1.6,3.42857142857143
"1385",7,1.8,3.42857142857143
"1386",7,2,3.42857142857143
"1387",7,2.2,3.42857142857143
"1388",7,2.4,3.42857142857143
"1389",7,2.6,3.42857142857143
"1390",7,2.8,3.42857142857143
"1391",7,3,3.42857142857143
"1392",7,3.2,3.42857142857143
"1393",7,3.4,3.42857142857143
"1394",7,3.6,3.42857142857143
"1395",7,3.8,3.42857142857143
"1396",7,4,3.42857142857143
"1397",7,4.2,3.42857142857143
"1398",7,4.4,3.42857142857143
"1399",7,4.6,3.42857142857143
"1400",7,4.8,3.42857142857143
"1401",7,5,3.42857142857143
"1402",7,5.2,3.42857142857143
"1403",7,5.4,3.42857142857143
"1404",7,5.6,3.42857142857143
"1405",7,5.8,3.42857142857143
"1406",7,6,3.42857142857143
"1407",7,6.2,3.42857142857143
"1408",7,6.4,3.42857142857143
"1409",7,6.6,3.42857142857143
"1410",7,6.8,3.42857142857143
"1411",7,7,3.42857142857143
"1412",7,7.2,3.42857142857143
"1413",7,7.4,3.42857142857143
"1414",7,7.6,3.42857142857143
"1415",7,7.8,3.42857142857143
"1416",7,8,3.42857142857143
"1417",7,8.2,3.42857142857143
"1418",7,8.4,3.42857142857143
"1419",7,8.6,3.42857142857143
"1420",7,8.8,3.42857142857143
"1421",7,9,3.42857142857143
"1422",7,9.2,3.42857142857143
"1423",7,9.4,3.42857142857143
"1424",7,9.6,3.42857142857143
"1425",7,9.8,3.42857142857143
"1426",7,10,3.42857142857143
"1427",7.2,1,3.33333333333333
"1428",7.2,1.2,3.33333333333333
"1429",7.2,1.4,3.33333333333333
"1430",7.2,1.6,3.33333333333333
"1431",7.2,1.8,3.33333333333333
"1432",7.2,2,3.33333333333333
"1433",7.2,2.2,3.33333333333333
"1434",7.2,2.4,3.33333333333333
"1435",7.2,2.6,3.33333333333333
"1436",7.2,2.8,3.33333333333333
"1437",7.2,3,3.33333333333333
"1438",7.2,3.2,3.33333333333333
"1439",7.2,3.4,3.33333333333333
"1440",7.2,3.6,3.33333333333333
"1441",7.2,3.8,3.33333333333333
"1442",7.2,4,3.33333333333333
"1443",7.2,4.2,3.33333333333333
"1444",7.2,4.4,3.33333333333333
"1445",7.2,4.6,3.33333333333333
"1446",7.2,4.8,3.33333333333333
"1447",7.2,5,3.33333333333333
"1448",7.2,5.2,3.33333333333333
"1449",7.2,5.4,3.33333333333333
"1450",7.2,5.6,3.33333333333333
"1451",7.2,5.8,3.33333333333333
"1452",7.2,6,3.33333333333333
"1453",7.2,6.2,3.33333333333333
"1454",7.2,6.4,3.33333333333333
"1455",7.2,6.6,3.33333333333333
"1456",7.2,6.8,3.33333333333333
"1457",7.2,7,3.33333333333333
"1458",7.2,7.2,3.33333333333333
"1459",7.2,7.4,3.33333333333333
"1460",7.2,7.6,3.33333333333333
"1461",7.2,7.8,3.33333333333333
"1462",7.2,8,3.33333333333333
"1463",7.2,8.2,3.33333333333333
"1464",7.2,8.4,3.33333333333333
"1465",7.2,8.6,3.33333333333333
"1466",7.2,8.8,3.33333333333333
"1467",7.2,9,3.33333333333333
"1468",7.2,9.2,3.33333333333333
"1469",7.2,9.4,3.33333333333333
"1470",7.2,9.6,3.33333333333333
"1471",7.2,9.8,3.33333333333333
"1472",7.2,10,3.33333333333333
"1473",7.4,1,3.24324324324324
"1474",7.4,1.2,3.24324324324324
"1475",7.4,1.4,3.24324324324324
"1476",7.4,1.6,3.24324324324324
"1477",7.4,1.8,3.24324324324324
"1478",7.4,2,3.24324324324324
"1479",7.4,2.2,3.24324324324324
"1480",7.4,2.4,3.24324324324324
"1481",7.4,2.6,3.24324324324324
"1482",7.4,2.8,3.24324324324324
"1483",7.4,3,3.24324324324324
"1484",7.4,3.2,3.24324324324324
"1485",7.4,3.4,3.24324324324324
"1486",7.4,3.6,3.24324324324324
"1487",7.4,3.8,3.24324324324324
"1488",7.4,4,3.24324324324324
"1489",7.4,4.2,3.24324324324324
"1490",7.4,4.4,3.24324324324324
"1491",7.4,4.6,3.24324324324324
"1492",7.4,4.8,3.24324324324324
"1493",7.4,5,3.24324324324324
"1494",7.4,5.2,3.24324324324324
"1495",7.4,5.4,3.24324324324324
"1496",7.4,5.6,3.24324324324324
"1497",7.4,5.8,3.24324324324324
"1498",7.4,6,3.24324324324324
"1499",7.4,6.2,3.24324324324324
"1500",7.4,6.4,3.24324324324324
"1501",7.4,6.6,3.24324324324324
"1502",7.4,6.8,3.24324324324324
"1503",7.4,7,3.24324324324324
"1504",7.4,7.2,3.24324324324324
"1505",7.4,7.4,3.24324324324324
"1506",7.4,7.6,3.24324324324324
"1507",7.4,7.8,3.24324324324324
"1508",7.4,8,3.24324324324324
"1509",7.4,8.2,3.24324324324324
"1510",7.4,8.4,3.24324324324324
"1511",7.4,8.6,3.24324324324324
"1512",7.4,8.8,3.24324324324324
"1513",7.4,9,3.24324324324324
"1514",7.4,9.2,3.24324324324324
"1515",7.4,9.4,3.24324324324324
"1516",7.4,9.6,3.24324324324324
"1517",7.4,9.8,3.24324324324324
"1518",7.4,10,3.24324324324324
"1519",7.6,1,3.15789473684211
"1520",7.6,1.2,3.15789473684211
"1521",7.6,1.4,3.15789473684211
"1522",7.6,1.6,3.15789473684211
"1523",7.6,1.8,3.15789473684211
"1524",7.6,2,3.15789473684211
"1525",7.6,2.2,3.15789473684211
"1526",7.6,2.4,3.15789473684211
"1527",7.6,2.6,3.15789473684211
"1528",7.6,2.8,3.15789473684211
"1529",7.6,3,3.15789473684211
"1530",7.6,3.2,3.15789473684211
"1531",7.6,3.4,3.15789473684211
"1532",7.6,3.6,3.15789473684211
"1533",7.6,3.8,3.15789473684211
"1534",7.6,4,3.15789473684211
"1535",7.6,4.2,3.15789473684211
"1536",7.6,4.4,3.15789473684211
"1537",7.6,4.6,3.15789473684211
"1538",7.6,4.8,3.15789473684211
"1539",7.6,5,3.15789473684211
"1540",7.6,5.2,3.15789473684211
"1541",7.6,5.4,3.15789473684211
"1542",7.6,5.6,3.15789473684211
"1543",7.6,5.8,3.15789473684211
"1544",7.6,6,3.15789473684211
"1545",7.6,6.2,3.15789473684211
"1546",7.6,6.4,3.15789473684211
"1547",7.6,6.6,3.15789473684211
"1548",7.6,6.8,3.15789473684211
"1549",7.6,7,3.15789473684211
"1550",7.6,7.2,3.15789473684211
"1551",7.6,7.4,3.15789473684211
"1552",7.6,7.6,3.15789473684211
"1553",7.6,7.8,3.15789473684211
"1554",7.6,8,3.15789473684211
"1555",7.6,8.2,3.15789473684211
"1556",7.6,8.4,3.15789473684211
"1557",7.6,8.6,3.15789473684211
"1558",7.6,8.8,3.15789473684211
"1559",7.6,9,3.15789473684211
"1560",7.6,9.2,3.15789473684211
"1561",7.6,9.4,3.15789473684211
"1562",7.6,9.6,3.15789473684211
"1563",7.6,9.8,3.15789473684211
"1564",7.6,10,3.15789473684211
"1565",7.8,1,3.07692307692308
"1566",7.8,1.2,3.07692307692308
"1567",7.8,1.4,3.07692307692308
"1568",7.8,1.6,3.07692307692308
"1569",7.8,1.8,3.07692307692308
"1570",7.8,2,3.07692307692308
"1571",7.8,2.2,3.07692307692308
"1572",7.8,2.4,3.07692307692308
"1573",7.8,2.6,3.07692307692308
"1574",7.8,2.8,3.07692307692308
"1575",7.8,3,3.07692307692308
"1576",7.8,3.2,3.07692307692308
"1577",7.8,3.4,3.07692307692308
"1578",7.8,3.6,3.07692307692308
"1579",7.8,3.8,3.07692307692308
"1580",7.8,4,3.07692307692308
"1581",7.8,4.2,3.07692307692308
"1582",7.8,4.4,3.07692307692308
"1583",7.8,4.6,3.07692307692308
"1584",7.8,4.8,3.07692307692308
"1585",7.8,5,3.07692307692308
"1586",7.8,5.2,3.07692307692308
"1587",7.8,5.4,3.07692307692308
"1588",7.8,5.6,3.07692307692308
"1589",7.8,5.8,3.07692307692308
"1590",7.8,6,3.07692307692308
"1591",7.8,6.2,3.07692307692308
"1592",7.8,6.4,3.07692307692308
"1593",7.8,6.6,3.07692307692308
"1594",7.8,6.8,3.07692307692308
"1595",7.8,7,3.07692307692308
"1596",7.8,7.2,3.07692307692308
"1597",7.8,7.4,3.07692307692308
"1598",7.8,7.6,3.07692307692308
"1599",7.8,7.8,3.07692307692308
"1600",7.8,8,3.07692307692308
"1601",7.8,8.2,3.07692307692308
"1602",7.8,8.4,3.07692307692308
"1603",7.8,8.6,3.07692307692308
"1604",7.8,8.8,3.07692307692308
"1605",7.8,9,3.07692307692308
"1606",7.8,9.2,3.07692307692308
"1607",7.8,9.4,3.07692307692308
"1608",7.8,9.6,3.07692307692308
"1609",7.8,9.8,3.07692307692308
"1610",7.8,10,3.07692307692308
"1611",8,1,3.375
"1612",8,1.2,3.375
"1613",8,1.4,3.375
"1614",8,1.6,3.375
"1615",8,1.8,3.375
"1616",8,2,3.375
"1617",8,2.2,3.375
"1618",8,2.4,3.375
"1619",8,2.6,3.375
"1620",8,2.8,3.375
"1621",8,3,3.375
"1622",8,3.2,3.375
"1623",8,3.4,3.375
"1624",8,3.6,3.375
"1625",8,3.8,3.375
"1626",8,4,3.375
"1627",8,4.2,3.375
"1628",8,4.4,3.375
"1629",8,4.6,3.375
"1630",8,4.8,3.375
"1631",8,5,3.375
"1632",8,5.2,3.375
"1633",8,5.4,3.375
"1634",8,5.6,3.375
"1635",8,5.8,3.375
"1636",8,6,3.375
"1637",8,6.2,3.375
"1638",8,6.4,3.375
"1639",8,6.6,3.375
"1640",8,6.8,3.375
"1641",8,7,3.375
"1642",8,7.2,3.375
"1643",8,7.4,3.375
"1644",8,7.6,3.375
"1645",8,7.8,3.375
"1646",8,8,3.375
"1647",8,8.2,3.375
"1648",8,8.4,3.375
"1649",8,8.6,3.375
"1650",8,8.8,3.375
"1651",8,9,3.375
"1652",8,9.2,3.375
"1653",8,9.4,3.375
"1654",8,9.6,3.375
"1655",8,9.8,3.375
"1656",8,10,3.375
"1657",8.2,1,3.29268292682927
"1658",8.2,1.2,3.29268292682927
"1659",8.2,1.4,3.29268292682927
"1660",8.2,1.6,3.29268292682927
"1661",8.2,1.8,3.29268292682927
"1662",8.2,2,3.29268292682927
"1663",8.2,2.2,3.29268292682927
"1664",8.2,2.4,3.29268292682927
"1665",8.2,2.6,3.29268292682927
"1666",8.2,2.8,3.29268292682927
"1667",8.2,3,3.29268292682927
"1668",8.2,3.2,3.29268292682927
"1669",8.2,3.4,3.29268292682927
"1670",8.2,3.6,3.29268292682927
"1671",8.2,3.8,3.29268292682927
"1672",8.2,4,3.29268292682927
"1673",8.2,4.2,3.29268292682927
"1674",8.2,4.4,3.29268292682927
"1675",8.2,4.6,3.29268292682927
"1676",8.2,4.8,3.29268292682927
"1677",8.2,5,3.29268292682927
"1678",8.2,5.2,3.29268292682927
"1679",8.2,5.4,3.29268292682927
"1680",8.2,5.6,3.29268292682927
"1681",8.2,5.8,3.29268292682927
"1682",8.2,6,3.29268292682927
"1683",8.2,6.2,3.29268292682927
"1684",8.2,6.4,3.29268292682927
"1685",8.2,6.6,3.29268292682927
"1686",8.2,6.8,3.29268292682927
"1687",8.2,7,3.29268292682927
"1688",8.2,7.2,3.29268292682927
"1689",8.2,7.4,3.29268292682927
"1690",8.2,7.6,3.29268292682927
"1691",8.2,7.8,3.29268292682927
"1692",8.2,8,3.29268292682927
"1693",8.2,8.2,3.29268292682927
"1694",8.2,8.4,3.29268292682927
"1695",8.2,8.6,3.29268292682927
"1696",8.2,8.8,3.29268292682927
"1697",8.2,9,3.29268292682927
"1698",8.2,9.2,3.29268292682927
"1699",8.2,9.4,3.29268292682927
"1700",8.2,9.6,3.29268292682927
"1701",8.2,9.8,3.29268292682927
"1702",8.2,10,3.29268292682927
"1703",8.4,1,3.21428571428571
"1704",8.4,1.2,3.21428571428571
"1705",8.4,1.4,3.21428571428571
"1706",8.4,1.6,3.21428571428571
"1707",8.4,1.8,3.21428571428571
"1708",8.4,2,3.21428571428571
"1709",8.4,2.2,3.21428571428571
"1710",8.4,2.4,3.21428571428571
"1711",8.4,2.6,3.21428571428571
"1712",8.4,2.8,3.21428571428571
"1713",8.4,3,3.21428571428571
"1714",8.4,3.2,3.21428571428571
"1715",8.4,3.4,3.21428571428571
"1716",8.4,3.6,3.21428571428571
"1717",8.4,3.8,3.21428571428571
"1718",8.4,4,3.21428571428571
"1719",8.4,4.2,3.21428571428571
"1720",8.4,4.4,3.21428571428571
"1721",8.4,4.6,3.21428571428571
"1722",8.4,4.8,3.21428571428571
"1723",8.4,5,3.21428571428571
"1724",8.4,5.2,3.21428571428571
"1725",8.4,5.4,3.21428571428571
"1726",8.4,5.6,3.21428571428571
"1727",8.4,5.8,3.21428571428571
"1728",8.4,6,3.21428571428571
"1729",8.4,6.2,3.21428571428571
"1730",8.4,6.4,3.21428571428571
"1731",8.4,6.6,3.21428571428571
"1732",8.4,6.8,3.21428571428571
"1733",8.4,7,3.21428571428571
"1734",8.4,7.2,3.21428571428571
"1735",8.4,7.4,3.21428571428571
"1736",8.4,7.6,3.21428571428571
"1737",8.4,7.8,3.21428571428571
"1738",8.4,8,3.21428571428571
"1739",8.4,8.2,3.21428571428571
"1740",8.4,8.4,3.21428571428571
"1741",8.4,8.6,3.21428571428571
"1742",8.4,8.8,3.21428571428571
"1743",8.4,9,3.21428571428571
"1744",8.4,9.2,3.21428571428571
"1745",8.4,9.4,3.21428571428571
"1746",8.4,9.6,3.21428571428571
"1747",8.4,9.8,3.21428571428571
"1748",8.4,10,3.21428571428571
"1749",8.6,1,3.13953488372093
"1750",8.6,1.2,3.13953488372093
"1751",8.6,1.4,3.13953488372093
"1752",8.6,1.6,3.13953488372093
"1753",8.6,1.8,3.13953488372093
"1754",8.6,2,3.13953488372093
"1755",8.6,2.2,3.13953488372093
"1756",8.6,2.4,3.13953488372093
"1757",8.6,2.6,3.13953488372093
"1758",8.6,2.8,3.13953488372093
"1759",8.6,3,3.13953488372093
"1760",8.6,3.2,3.13953488372093
"1761",8.6,3.4,3.13953488372093
"1762",8.6,3.6,3.13953488372093
"1763",8.6,3.8,3.13953488372093
"1764",8.6,4,3.13953488372093
"1765",8.6,4.2,3.13953488372093
"1766",8.6,4.4,3.13953488372093
"1767",8.6,4.6,3.13953488372093
"1768",8.6,4.8,3.13953488372093
"1769",8.6,5,3.13953488372093
"1770",8.6,5.2,3.13953488372093
"1771",8.6,5.4,3.13953488372093
"1772",8.6,5.6,3.13953488372093
"1773",8.6,5.8,3.13953488372093
"1774",8.6,6,3.13953488372093
"1775",8.6,6.2,3.13953488372093
"1776",8.6,6.4,3.13953488372093
"1777",8.6,6.6,3.13953488372093
"1778",8.6,6.8,3.13953488372093
"1779",8.6,7,3.13953488372093
"1780",8.6,7.2,3.13953488372093
"1781",8.6,7.4,3.13953488372093
"1782",8.6,7.6,3.13953488372093
"1783",8.6,7.8,3.13953488372093
"1784",8.6,8,3.13953488372093
"1785",8.6,8.2,3.13953488372093
"1786",8.6,8.4,3.13953488372093
"1787",8.6,8.6,3.13953488372093
"1788",8.6,8.8,3.13953488372093
"1789",8.6,9,3.13953488372093
"1790",8.6,9.2,3.13953488372093
"1791",8.6,9.4,3.13953488372093
"1792",8.6,9.6,3.13953488372093
"1793",8.6,9.8,3.13953488372093
"1794",8.6,10,3.13953488372093
"1795",8.8,1,3.06818181818182
"1796",8.8,1.2,3.06818181818182
"1797",8.8,1.4,3.06818181818182
"1798",8.8,1.6,3.06818181818182
"1799",8.8,1.8,3.06818181818182
"1800",8.8,2,3.06818181818182
"1801",8.8,2.2,3.06818181818182
"1802",8.8,2.4,3.06818181818182
"1803",8.8,2.6,3.06818181818182
"1804",8.8,2.8,3.06818181818182
"1805",8.8,3,3.06818181818182
"1806",8.8,3.2,3.06818181818182
"1807",8.8,3.4,3.06818181818182
"1808",8.8,3.6,3.06818181818182
"1809",8.8,3.8,3.06818181818182
"1810",8.8,4,3.06818181818182
"1811",8.8,4.2,3.06818181818182
"1812",8.8,4.4,3.06818181818182
"1813",8.8,4.6,3.06818181818182
"1814",8.8,4.8,3.06818181818182
"1815",8.8,5,3.06818181818182
"1816",8.8,5.2,3.06818181818182
"1817",8.8,5.4,3.06818181818182
"1818",8.8,5.6,3.06818181818182
"1819",8.8,5.8,3.06818181818182
"1820",8.8,6,3.06818181818182
"1821",8.8,6.2,3.06818181818182
"1822",8.8,6.4,3.06818181818182
"1823",8.8,6.6,3.06818181818182
"1824",8.8,6.8,3.06818181818182
"1825",8.8,7,3.06818181818182
"1826",8.8,7.2,3.06818181818182
"1827",8.8,7.4,3.06818181818182
"1828",8.8,7.6,3.06818181818182
"1829",8.8,7.8,3.06818181818182
"1830",8.8,8,3.06818181818182
"1831",8.8,8.2,3.06818181818182
"1832",8.8,8.4,3.06818181818182
"1833",8.8,8.6,3.06818181818182
"1834",8.8,8.8,3.06818181818182
"1835",8.8,9,3.06818181818182
"1836",8.8,9.2,3.06818181818182
"1837",8.8,9.4,3.06818181818182
"1838",8.8,9.6,3.06818181818182
"1839",8.8,9.8,3.06818181818182
"1840",8.8,10,3.06818181818182
"1841",9,1,3.33333333333333
"1842",9,1.2,3.33333333333333
"1843",9,1.4,3.33333333333333
"1844",9,1.6,3.33333333333333
"1845",9,1.8,3.33333333333333
"1846",9,2,3.33333333333333
"1847",9,2.2,3.33333333333333
"1848",9,2.4,3.33333333333333
"1849",9,2.6,3.33333333333333
"1850",9,2.8,3.33333333333333
"1851",9,3,3.33333333333333
"1852",9,3.2,3.33333333333333
"1853",9,3.4,3.33333333333333
"1854",9,3.6,3.33333333333333
"1855",9,3.8,3.33333333333333
"1856",9,4,3.33333333333333
"1857",9,4.2,3.33333333333333
"1858",9,4.4,3.33333333333333
"1859",9,4.6,3.33333333333333
"1860",9,4.8,3.33333333333333
"1861",9,5,3.33333333333333
"1862",9,5.2,3.33333333333333
"1863",9,5.4,3.33333333333333
"1864",9,5.6,3.33333333333333
"1865",9,5.8,3.33333333333333
"1866",9,6,3.33333333333333
"1867",9,6.2,3.33333333333333
"1868",9,6.4,3.33333333333333
"1869",9,6.6,3.33333333333333
"1870",9,6.8,3.33333333333333
"1871",9,7,3.33333333333333
"1872",9,7.2,3.33333333333333
"1873",9,7.4,3.33333333333333
"1874",9,7.6,3.33333333333333
"1875",9,7.8,3.33333333333333
"1876",9,8,3.33333333333333
"1877",9,8.2,3.33333333333333
"1878",9,8.4,3.33333333333333
"1879",9,8.6,3.33333333333333
"1880",9,8.8,3.33333333333333
"1881",9,9,3.33333333333333
"1882",9,9.2,3.33333333333333
"1883",9,9.4,3.33333333333333
"1884",9,9.6,3.33333333333333
"1885",9,9.8,3.33333333333333
"1886",9,10,3.33333333333333
"1887",9.2,1,3.26086956521739
"1888",9.2,1.2,3.26086956521739
"1889",9.2,1.4,3.26086956521739
"1890",9.2,1.6,3.26086956521739
"1891",9.2,1.8,3.26086956521739
"1892",9.2,2,3.26086956521739
"1893",9.2,2.2,3.26086956521739
"1894",9.2,2.4,3.26086956521739
"1895",9.2,2.6,3.26086956521739
"1896",9.2,2.8,3.26086956521739
"1897",9.2,3,3.26086956521739
"1898",9.2,3.2,3.26086956521739
"1899",9.2,3.4,3.26086956521739
"1900",9.2,3.6,3.26086956521739
"1901",9.2,3.8,3.26086956521739
"1902",9.2,4,3.26086956521739
"1903",9.2,4.2,3.26086956521739
"1904",9.2,4.4,3.26086956521739
"1905",9.2,4.6,3.26086956521739
"1906",9.2,4.8,3.26086956521739
"1907",9.2,5,3.26086956521739
"1908",9.2,5.2,3.26086956521739
"1909",9.2,5.4,3.26086956521739
"1910",9.2,5.6,3.26086956521739
"1911",9.2,5.8,3.26086956521739
"1912",9.2,6,3.26086956521739
"1913",9.2,6.2,3.26086956521739
"1914",9.2,6.4,3.26086956521739
"1915",9.2,6.6,3.26086956521739
"1916",9.2,6.8,3.26086956521739
"1917",9.2,7,3.26086956521739
"1918",9.2,7.2,3.26086956521739
"1919",9.2,7.4,3.26086956521739
"1920",9.2,7.6,3.26086956521739
"1921",9.2,7.8,3.26086956521739
"1922",9.2,8,3.26086956521739
"1923",9.2,8.2,3.26086956521739
"1924",9.2,8.4,3.26086956521739
"1925",9.2,8.6,3.26086956521739
"1926",9.2,8.8,3.26086956521739
"1927",9.2,9,3.26086956521739
"1928",9.2,9.2,3.26086956521739
"1929",9.2,9.4,3.26086956521739
"1930",9.2,9.6,3.26086956521739
"1931",9.2,9.8,3.26086956521739
"1932",9.2,10,3.26086956521739
"1933",9.4,1,3.19148936170213
"1934",9.4,1.2,3.19148936170213
"1935",9.4,1.4,3.19148936170213
"1936",9.4,1.6,3.19148936170213
"1937",9.4,1.8,3.19148936170213
"1938",9.4,2,3.19148936170213
"1939",9.4,2.2,3.19148936170213
"1940",9.4,2.4,3.19148936170213
"1941",9.4,2.6,3.19148936170213
"1942",9.4,2.8,3.19148936170213
"1943",9.4,3,3.19148936170213
"1944",9.4,3.2,3.19148936170213
"1945",9.4,3.4,3.19148936170213
"1946",9.4,3.6,3.19148936170213
"1947",9.4,3.8,3.19148936170213
"1948",9.4,4,3.19148936170213
"1949",9.4,4.2,3.19148936170213
"1950",9.4,4.4,3.19148936170213
"1951",9.4,4.6,3.19148936170213
"1952",9.4,4.8,3.19148936170213
"1953",9.4,5,3.19148936170213
"1954",9.4,5.2,3.19148936170213
"1955",9.4,5.4,3.19148936170213
"1956",9.4,5.6,3.19148936170213
"1957",9.4,5.8,3.19148936170213
"1958",9.4,6,3.19148936170213
"1959",9.4,6.2,3.19148936170213
"1960",9.4,6.4,3.19148936170213
"1961",9.4,6.6,3.19148936170213
"1962",9.4,6.8,3.19148936170213
"1963",9.4,7,3.19148936170213
"1964",9.4,7.2,3.19148936170213
"1965",9.4,7.4,3.19148936170213
"1966",9.4,7.6,3.19148936170213
"1967",9.4,7.8,3.19148936170213
"1968",9.4,8,3.19148936170213
"1969",9.4,8.2,3.19148936170213
"1970",9.4,8.4,3.19148936170213
"1971",9.4,8.6,3.19148936170213
"1972",9.4,8.8,3.19148936170213
"1973",9.4,9,3.19148936170213
"1974",9.4,9.2,3.19148936170213
"1975",9.4,9.4,3.19148936170213
"1976",9.4,9.6,3.19148936170213
"1977",9.4,9.8,3.19148936170213
"1978",9.4,10,3.19148936170213
"1979",9.6,1,3.125
"1980",9.6,1.2,3.125
"1981",9.6,1.4,3.125
"1982",9.6,1.6,3.125
"1983",9.6,1.8,3.125
"1984",9.6,2,3.125
"1985",9.6,2.2,3.125
"1986",9.6,2.4,3.125
"1987",9.6,2.6,3.125
"1988",9.6,2.8,3.125
"1989",9.6,3,3.125
"1990",9.6,3.2,3.125
"1991",9.6,3.4,3.125
"1992",9.6,3.6,3.125
"1993",9.6,3.8,3.125
"1994",9.6,4,3.125
"1995",9.6,4.2,3.125
"1996",9.6,4.4,3.125
"1997",9.6,4.6,3.125
"1998",9.6,4.8,3.125
"1999",9.6,5,3.125
"2000",9.6,5.2,3.125
"2001",9.6,5.4,3.125
"2002",9.6,5.6,3.125
"2003",9.6,5.8,3.125
"2004",9.6,6,3.125
"2005",9.6,6.2,3.125
"2006",9.6,6.4,3.125
"2007",9.6,6.6,3.125
"2008",9.6,6.8,3.125
"2009",9.6,7,3.125
"2010",9.6,7.2,3.125
"2011",9.6,7.4,3.125
"2012",9.6,7.6,3.125
"2013",9.6,7.8,3.125
"2014",9.6,8,3.125
"2015",9.6,8.2,3.125
"2016",9.6,8.4,3.125
"2017",9.6,8.6,3.125
"2018",9.6,8.8,3.125
"2019",9.6,9,3.125
"2020",9.6,9.2,3.125
"2021",9.6,9.4,3.125
"2022",9.6,9.6,3.125
"2023",9.6,9.8,3.125
"2024",9.6,10,3.125
"2025",9.8,1,3.06122448979592
"2026",9.8,1.2,3.06122448979592
"2027",9.8,1.4,3.06122448979592
"2028",9.8,1.6,3.06122448979592
"2029",9.8,1.8,3.06122448979592
"2030",9.8,2,3.06122448979592
"2031",9.8,2.2,3.06122448979592
"2032",9.8,2.4,3.06122448979592
"2033",9.8,2.6,3.06122448979592
"2034",9.8,2.8,3.06122448979592
"2035",9.8,3,3.06122448979592
"2036",9.8,3.2,3.06122448979592
"2037",9.8,3.4,3.06122448979592
"2038",9.8,3.6,3.06122448979592
"2039",9.8,3.8,3.06122448979592
"2040",9.8,4,3.06122448979592
"2041",9.8,4.2,3.06122448979592
"2042",9.8,4.4,3.06122448979592
"2043",9.8,4.6,3.06122448979592
"2044",9.8,4.8,3.06122448979592
"2045",9.8,5,3.06122448979592
"2046",9.8,5.2,3.06122448979592
"2047",9.8,5.4,3.06122448979592
"2048",9.8,5.6,3.06122448979592
"2049",9.8,5.8,3.06122448979592
"2050",9.8,6,3.06122448979592
"2051",9.8,6.2,3.06122448979592
"2052",9.8,6.4,3.06122448979592
"2053",9.8,6.6,3.06122448979592
"2054",9.8,6.8,3.06122448979592
"2055",9.8,7,3.06122448979592
"2056",9.8,7.2,3.06122448979592
"2057",9.8,7.4,3.06122448979592
"2058",9.8,7.6,3.06122448979592
"2059",9.8,7.8,3.06122448979592
"2060",9.8,8,3.06122448979592
"2061",9.8,8.2,3.06122448979592
"2062",9.8,8.4,3.06122448979592
"2063",9.8,8.6,3.06122448979592
"2064",9.8,8.8,3.06122448979592
"2065",9.8,9,3.06122448979592
"2066",9.8,9.2,3.06122448979592
"2067",9.8,9.4,3.06122448979592
"2068",9.8,9.6,3.06122448979592
"2069",9.8,9.8,3.06122448979592
"2070",9.8,10,3.06122448979592
"2071",10,1,2.2
"2072",10,1.2,2.2
"2073",10,1.4,2.2
"2074",10,1.6,2.2
"2075",10,1.8,2.2
"2076",10,2,2.2
"2077",10,2.2,2.2
"2078",10,2.4,2.2
"2079",10,2.6,2.2
"2080",10,2.8,2.2
"2081",10,3,2.2
"2082",10,3.2,2.2
"2083",10,3.4,2.2
"2084",10,3.6,2.2
"2085",10,3.8,2.2
"2086",10,4,2.2
"2087",10,4.2,2.2
"2088",10,4.4,2.2
"2089",10,4.6,2.2
"2090",10,4.8,2.2
"2091",10,5,2.2
"2092",10,5.2,2.2
"2093",10,5.4,2.2
"2094",10,5.6,2.2
"2095",10,5.8,2.2
"2096",10,6,2.2
"2097",10,6.2,2.2
"2098",10,6.4,2.2
"2099",10,6.6,2.2
"2100",10,6.8,2.2
"2101",10,7,2.2
"2102",10,7.2,2.2
"2103",10,7.4,2.2
"2104",10,7.6,2.2
"2105",10,7.8,2.2
"2106",10,8,2.2
"2107",10,8.2,2.2
"2108",10,8.4,2.2
"2109",10,8.6,2.2
"2110",10,8.8,2.2
"2111",10,9,2.2
"2112",10,9.2,2.2
"2113",10,9.4,2.2
"2114",10,9.6,2.2
"2115",10,9.8,2.2
"2116",10,10,2.2
